,AZN:LSE,,HHV:LSE,,PHNX:LSE,,SRE:LSE,,JET2:LSE,,ABF:LSE,,III:LSE,
"=GOOGLEFINANCE(LEFT(B1,FIND("":"",B1)-1), ""price"", ""01/04/2024"", ""31/03/2025"", ""DAILY"")",Date,Close,Date,Close,Date,Close,Date,Close,Date,Close,Date,Close,Date,Close
"=GOOGLEFINANCE(LEFT(D1,FIND("":"",D1)-1), ""price"", ""01/04/2024"", ""31/03/2025"", ""DAILY"")",01/04/2024 16:00:00,67.25,03/04/2024 16:30:00,41.8,02/04/2024 16:30:00,549,01/04/2024 16:00:00,71.36,02/04/2024 16:30:00,1440,02/04/2024 16:30:00,2465,01/04/2024 16:00:00,3.99
"=GOOGLEFINANCE(LEFT(F1,FIND("":"",F1)-1), ""price"", ""01/04/2024"", ""31/03/2025"", ""DAILY"")",02/04/2024 16:00:00,67,04/04/2024 16:30:00,41.8,03/04/2024 16:30:00,548,02/04/2024 16:00:00,71.8,03/04/2024 16:30:00,1458,03/04/2024 16:30:00,2470,02/04/2024 16:00:00,4.08
"=GOOGLEFINANCE(LEFT(H1,FIND("":"",H1)-1), ""price"", ""01/04/2024"", ""31/03/2025"", ""DAILY"")",03/04/2024 16:00:00,66.81,09/04/2024 16:30:00,41.8,04/04/2024 16:30:00,552.5,03/04/2024 16:00:00,70.97,04/04/2024 16:30:00,1499,04/04/2024 16:30:00,2489,03/04/2024 16:00:00,4.08
"=GOOGLEFINANCE(LEFT(J1,FIND("":"",J1)-1), ""price"", ""01/04/2024"", ""31/03/2025"", ""DAILY"")",04/04/2024 16:00:00,67.34,10/04/2024 16:30:00,41,05/04/2024 16:30:00,547.5,04/04/2024 16:00:00,70.84,05/04/2024 16:30:00,1468,05/04/2024 16:30:00,2414,04/04/2024 16:00:00,4.07
,05/04/2024 16:00:00,67.45,11/04/2024 16:30:00,41,08/04/2024 16:30:00,555.5,05/04/2024 16:00:00,70.52,08/04/2024 16:30:00,1519,08/04/2024 16:30:00,2410,05/04/2024 16:00:00,4
,08/04/2024 16:00:00,67.7,12/04/2024 16:30:00,41,09/04/2024 16:30:00,552.5,08/04/2024 16:00:00,70.77,09/04/2024 16:30:00,1507,09/04/2024 16:30:00,2423,08/04/2024 16:00:00,3.91
,09/04/2024 16:00:00,68.41,15/04/2024 16:30:00,41,10/04/2024 16:30:00,542.5,09/04/2024 16:00:00,71.68,10/04/2024 16:30:00,1478,10/04/2024 16:30:00,2429,09/04/2024 16:00:00,3.99
,10/04/2024 16:00:00,68.11,16/04/2024 16:30:00,41,11/04/2024 16:30:00,511,10/04/2024 16:00:00,70.18,11/04/2024 16:30:00,1466,11/04/2024 16:30:00,2406,10/04/2024 16:00:00,3.89
,11/04/2024 16:00:00,69.45,17/04/2024 16:30:00,41,12/04/2024 16:30:00,503.5,11/04/2024 16:00:00,69.25,12/04/2024 16:30:00,1423,12/04/2024 16:30:00,2406,11/04/2024 16:00:00,3.85
,12/04/2024 16:00:00,68.93,19/04/2024 16:30:00,41,15/04/2024 16:30:00,508.5,12/04/2024 16:00:00,68.69,15/04/2024 16:30:00,1431,15/04/2024 16:30:00,2408,12/04/2024 16:00:00,3.69
,15/04/2024 16:00:00,68.73,22/04/2024 16:30:00,41,16/04/2024 16:30:00,484.8,15/04/2024 16:00:00,68.11,16/04/2024 16:30:00,1380,16/04/2024 16:30:00,2369,15/04/2024 16:00:00,3.76
,16/04/2024 16:00:00,68.27,23/04/2024 16:30:00,40.8,17/04/2024 16:30:00,476,16/04/2024 16:00:00,66.41,17/04/2024 16:30:00,1412,17/04/2024 16:30:00,2394,16/04/2024 16:00:00,3.68
,17/04/2024 16:00:00,68.53,26/04/2024 16:30:00,40.8,18/04/2024 16:30:00,479.4,17/04/2024 16:00:00,67.94,18/04/2024 16:30:00,1466,18/04/2024 16:30:00,2442,17/04/2024 16:00:00,3.65
,18/04/2024 16:00:00,68.36,29/04/2024 16:30:00,40.8,19/04/2024 16:30:00,481.2,18/04/2024 16:00:00,68.44,19/04/2024 16:30:00,1445,19/04/2024 16:30:00,2447,18/04/2024 16:00:00,3.64
,19/04/2024 16:00:00,68.55,30/04/2024 16:30:00,40.8,22/04/2024 16:30:00,487.4,19/04/2024 16:00:00,70.08,22/04/2024 16:30:00,1490,22/04/2024 16:30:00,2506,19/04/2024 16:00:00,3.6
,22/04/2024 16:00:00,70.13,01/05/2024 16:30:00,40.8,23/04/2024 16:30:00,492,22/04/2024 16:00:00,71.13,23/04/2024 16:30:00,1488,23/04/2024 16:30:00,2731,22/04/2024 16:00:00,3.59
,23/04/2024 16:00:00,70.85,03/05/2024 16:30:00,41.2,24/04/2024 16:30:00,485.2,23/04/2024 16:00:00,71.52,24/04/2024 16:30:00,1400,24/04/2024 16:30:00,2702,23/04/2024 16:00:00,3.56
,24/04/2024 16:00:00,71.2,09/05/2024 16:30:00,41.2,25/04/2024 16:30:00,481.8,24/04/2024 16:00:00,72.04,25/04/2024 16:30:00,1388,25/04/2024 16:30:00,2686,24/04/2024 16:00:00,3.5
,25/04/2024 16:00:00,75.03,13/05/2024 16:30:00,41.2,26/04/2024 16:30:00,485,25/04/2024 16:00:00,71.98,26/04/2024 16:30:00,1415,26/04/2024 16:30:00,2635,25/04/2024 16:00:00,3.49
,26/04/2024 16:00:00,75.17,14/05/2024 16:30:00,41.2,29/04/2024 16:30:00,493.8,26/04/2024 16:00:00,71.32,29/04/2024 16:30:00,1425,29/04/2024 16:30:00,2654,26/04/2024 16:00:00,3.45
,29/04/2024 16:00:00,75.48,15/05/2024 16:30:00,42,30/04/2024 16:30:00,489.8,29/04/2024 16:00:00,72.28,30/04/2024 16:30:00,1436,30/04/2024 16:30:00,2656,29/04/2024 16:00:00,3.45
,30/04/2024 16:00:00,75.88,17/05/2024 16:30:00,42,01/05/2024 16:30:00,485.2,30/04/2024 16:00:00,71.63,01/05/2024 16:30:00,1421,01/05/2024 16:30:00,2636,30/04/2024 16:00:00,3.37
,01/05/2024 16:00:00,76.41,21/05/2024 16:30:00,42.4,02/05/2024 16:30:00,488,01/05/2024 16:00:00,71.95,02/05/2024 16:30:00,1397,02/05/2024 16:30:00,2643,01/05/2024 16:00:00,3.34
,02/05/2024 16:00:00,75.8,22/05/2024 16:30:00,42.4,03/05/2024 16:30:00,519.5,02/05/2024 16:00:00,72.87,03/05/2024 16:30:00,1400,03/05/2024 16:30:00,2671,02/05/2024 16:00:00,3.36
,03/05/2024 16:00:00,76.35,30/05/2024 16:30:00,42.4,07/05/2024 16:30:00,517.5,03/05/2024 16:00:00,72.92,07/05/2024 16:30:00,1341,07/05/2024 16:30:00,2687,03/05/2024 16:00:00,3.34
,06/05/2024 16:00:00,75.76,31/05/2024 16:30:00,42.4,08/05/2024 16:30:00,508.5,06/05/2024 16:00:00,72.71,08/05/2024 16:30:00,1360,08/05/2024 16:30:00,2701,06/05/2024 16:00:00,3.36
,07/05/2024 16:00:00,76.32,05/06/2024 16:30:00,43,09/05/2024 16:30:00,516,07/05/2024 16:00:00,73.99,09/05/2024 16:30:00,1340,09/05/2024 16:30:00,2686,07/05/2024 16:00:00,3.37
,08/05/2024 16:00:00,76.97,06/06/2024 16:30:00,43,10/05/2024 16:30:00,520.5,08/05/2024 16:00:00,75.23,10/05/2024 16:30:00,1362,10/05/2024 16:30:00,2702,08/05/2024 16:00:00,3.33
,09/05/2024 16:00:00,77.61,07/06/2024 16:30:00,43,13/05/2024 16:30:00,508.5,09/05/2024 16:00:00,76.17,13/05/2024 16:30:00,1381,13/05/2024 16:30:00,2687,09/05/2024 16:00:00,3.3
,10/05/2024 16:00:00,77.18,13/06/2024 16:30:00,43,14/05/2024 16:30:00,504.5,10/05/2024 16:00:00,77.18,14/05/2024 16:30:00,1367,14/05/2024 16:30:00,2719,10/05/2024 16:00:00,3
,13/05/2024 16:00:00,77.43,14/06/2024 16:30:00,43,15/05/2024 16:30:00,515,13/05/2024 16:00:00,77.12,15/05/2024 16:30:00,1360,15/05/2024 16:30:00,2711,13/05/2024 16:00:00,2.95
,14/05/2024 16:00:00,77.04,17/06/2024 16:30:00,43,16/05/2024 16:30:00,525.5,14/05/2024 16:00:00,76.63,16/05/2024 16:30:00,1344,16/05/2024 16:30:00,2738,14/05/2024 16:00:00,3.13
,15/05/2024 16:00:00,76.97,20/06/2024 16:30:00,42.6,17/05/2024 16:30:00,515,15/05/2024 16:00:00,78.03,17/05/2024 16:30:00,1346,17/05/2024 16:30:00,2730,15/05/2024 16:00:00,3.11
,16/05/2024 16:00:00,77.04,21/06/2024 16:30:00,42.6,20/05/2024 16:30:00,512.5,16/05/2024 16:00:00,77.67,20/05/2024 16:30:00,1337,20/05/2024 16:30:00,2726,16/05/2024 16:00:00,3.15
,17/05/2024 16:00:00,76.9,24/06/2024 16:30:00,42.6,21/05/2024 16:30:00,509.5,17/05/2024 16:00:00,78.17,21/05/2024 16:30:00,1338,21/05/2024 16:30:00,2705,17/05/2024 16:00:00,3.13
,20/05/2024 16:00:00,77.11,25/06/2024 16:30:00,42.6,22/05/2024 16:30:00,505,20/05/2024 16:00:00,78.09,22/05/2024 16:30:00,1340,22/05/2024 16:30:00,2688,20/05/2024 16:00:00,3.15
,21/05/2024 16:00:00,79.18,26/06/2024 16:30:00,42.6,23/05/2024 16:30:00,496,21/05/2024 16:00:00,78.4,23/05/2024 16:30:00,1351,23/05/2024 16:30:00,2714,21/05/2024 16:00:00,3.17
,22/05/2024 16:00:00,78.8,01/07/2024 16:30:00,40,24/05/2024 16:30:00,503,22/05/2024 16:00:00,77.33,24/05/2024 16:30:00,1350,24/05/2024 16:30:00,2722,22/05/2024 16:00:00,3.16
,23/05/2024 16:00:00,78.18,03/07/2024 16:30:00,40,28/05/2024 16:30:00,499.6,23/05/2024 16:00:00,75.86,28/05/2024 16:30:00,1341,28/05/2024 16:30:00,2641,23/05/2024 16:00:00,3.15
,24/05/2024 16:00:00,78.54,05/07/2024 16:30:00,40,29/05/2024 16:30:00,491.2,24/05/2024 16:00:00,75.84,29/05/2024 16:30:00,1307,29/05/2024 16:30:00,2667,24/05/2024 16:00:00,3.16
,28/05/2024 16:00:00,76.62,08/07/2024 16:30:00,40,30/05/2024 16:30:00,500.5,28/05/2024 16:00:00,75.36,30/05/2024 16:30:00,1327,30/05/2024 16:30:00,2660,28/05/2024 16:00:00,3.15
,29/05/2024 16:00:00,76.08,09/07/2024 16:30:00,40,31/05/2024 16:30:00,496.2,29/05/2024 16:00:00,74.03,31/05/2024 16:30:00,1328,31/05/2024 16:30:00,2550,29/05/2024 16:00:00,3.15
,30/05/2024 16:00:00,76.77,10/07/2024 16:30:00,40,03/06/2024 16:30:00,498.2,30/05/2024 16:00:00,74.42,03/06/2024 16:30:00,1340,03/06/2024 16:30:00,2561,30/05/2024 16:00:00,3.23
,31/05/2024 16:00:00,78.02,15/07/2024 16:30:00,40,04/06/2024 16:30:00,493.6,31/05/2024 16:00:00,77.03,04/06/2024 16:30:00,1336,04/06/2024 16:30:00,2566,31/05/2024 16:00:00,3.19
,03/06/2024 16:00:00,78.99,16/07/2024 16:30:00,40,05/06/2024 16:30:00,495.2,03/06/2024 16:00:00,76.71,05/06/2024 16:30:00,1330,05/06/2024 16:30:00,2585,03/06/2024 16:00:00,3.15
,04/06/2024 16:00:00,80.02,17/07/2024 16:30:00,40,06/06/2024 16:30:00,499,04/06/2024 16:00:00,77.18,06/06/2024 16:30:00,1307,06/06/2024 16:30:00,2584,04/06/2024 16:00:00,3.19
,05/06/2024 16:00:00,80.32,22/07/2024 16:30:00,40.4,07/06/2024 16:30:00,491.4,05/06/2024 16:00:00,76.48,07/06/2024 16:30:00,1319,07/06/2024 16:30:00,2560,05/06/2024 16:00:00,3.17
,06/06/2024 16:00:00,80.83,23/07/2024 16:30:00,40.4,10/06/2024 16:30:00,489,06/06/2024 16:00:00,75.99,10/06/2024 16:30:00,1316,10/06/2024 16:30:00,2546,06/06/2024 16:00:00,3.13
,07/06/2024 16:00:00,80.02,25/07/2024 16:30:00,40.4,11/06/2024 16:30:00,484.8,07/06/2024 16:00:00,75.33,11/06/2024 16:30:00,1290,11/06/2024 16:30:00,2517,07/06/2024 16:00:00,3.15
,10/06/2024 16:00:00,80.21,26/07/2024 16:30:00,40.4,12/06/2024 16:30:00,490.8,10/06/2024 16:00:00,75.08,12/06/2024 16:30:00,1314,12/06/2024 16:30:00,2506,10/06/2024 16:00:00,3.16
,11/06/2024 16:00:00,79.23,29/07/2024 16:30:00,40.4,13/06/2024 16:30:00,482.8,11/06/2024 16:00:00,75.67,13/06/2024 16:30:00,1280,13/06/2024 16:30:00,2493,11/06/2024 16:00:00,3.16
,12/06/2024 16:00:00,80.07,30/07/2024 16:30:00,40.4,14/06/2024 16:30:00,480.6,12/06/2024 16:00:00,75.65,14/06/2024 16:30:00,1264,14/06/2024 16:30:00,2483,12/06/2024 16:00:00,3.23
,13/06/2024 16:00:00,79.53,31/07/2024 16:30:00,40.5,17/06/2024 16:30:00,479,13/06/2024 16:00:00,76.14,17/06/2024 16:30:00,1274,17/06/2024 16:30:00,2491,13/06/2024 16:00:00,3.17
,14/06/2024 16:00:00,79.59,14/08/2024 16:30:00,40,18/06/2024 16:30:00,484.4,14/06/2024 16:00:00,75.97,18/06/2024 16:30:00,1300,18/06/2024 16:30:00,2495,14/06/2024 16:00:00,3.1
,17/06/2024 16:00:00,79.31,19/08/2024 16:30:00,40,19/06/2024 16:30:00,485.2,17/06/2024 16:00:00,74.84,19/06/2024 16:30:00,1311,19/06/2024 16:30:00,2476,17/06/2024 16:00:00,3.12
,18/06/2024 16:00:00,78.42,20/08/2024 16:30:00,40,20/06/2024 16:30:00,495.4,18/06/2024 16:00:00,75.1,20/06/2024 16:30:00,1302,20/06/2024 16:30:00,2488,18/06/2024 16:00:00,3.06
,20/06/2024 16:00:00,78.56,21/08/2024 16:30:00,40,21/06/2024 16:30:00,516,20/06/2024 16:00:00,75.48,21/06/2024 16:30:00,1289,21/06/2024 16:30:00,2468,20/06/2024 16:00:00,3.04
,21/06/2024 16:00:00,78.88,22/08/2024 16:30:00,40,24/06/2024 16:30:00,525.5,21/06/2024 16:00:00,75.27,24/06/2024 16:30:00,1305,24/06/2024 16:30:00,2519,21/06/2024 16:00:00,3.01
,24/06/2024 16:00:00,79.37,23/08/2024 16:30:00,40,25/06/2024 16:30:00,526.5,24/06/2024 16:00:00,76.45,25/06/2024 16:30:00,1298,25/06/2024 16:30:00,2498,24/06/2024 16:00:00,3.01
,25/06/2024 16:00:00,79.75,27/08/2024 16:30:00,39.2,26/06/2024 16:30:00,518.5,25/06/2024 16:00:00,75.44,26/06/2024 16:30:00,1296,26/06/2024 16:30:00,2524,25/06/2024 16:00:00,3.04
,26/06/2024 16:00:00,79.08,28/08/2024 16:30:00,39.2,27/06/2024 16:30:00,520,26/06/2024 16:00:00,76.11,27/06/2024 16:30:00,1307,27/06/2024 16:30:00,2471,26/06/2024 16:00:00,3.09
,27/06/2024 16:00:00,78.18,29/08/2024 16:30:00,39.8,28/06/2024 16:30:00,521.5,27/06/2024 16:00:00,75.94,28/06/2024 16:30:00,1309,28/06/2024 16:30:00,2474,27/06/2024 16:00:00,3.07
,28/06/2024 16:00:00,77.99,30/08/2024 16:30:00,39.8,01/07/2024 16:30:00,532.5,28/06/2024 16:00:00,76.06,01/07/2024 16:30:00,1304,01/07/2024 16:30:00,2496,28/06/2024 16:00:00,2.94
,01/07/2024 16:00:00,77.94,02/09/2024 16:30:00,39.8,02/07/2024 16:30:00,526,01/07/2024 16:00:00,74.97,02/07/2024 16:30:00,1290,02/07/2024 16:30:00,2466,01/07/2024 16:00:00,3.06
,02/07/2024 16:00:00,76.99,03/09/2024 16:30:00,39,03/07/2024 16:30:00,536,02/07/2024 16:00:00,75.17,03/07/2024 16:30:00,1311,03/07/2024 16:30:00,2479,02/07/2024 16:00:00,3.06
,03/07/2024 13:05:00,76.8,04/09/2024 16:30:00,39.6,04/07/2024 16:30:00,539,03/07/2024 13:00:00,75.17,04/07/2024 16:30:00,1299,04/07/2024 16:30:00,2476,03/07/2024 13:05:00,3.06
,05/07/2024 16:00:00,77.34,10/09/2024 16:30:00,39.6,05/07/2024 16:30:00,539,05/07/2024 16:00:00,76.13,05/07/2024 16:30:00,1310,05/07/2024 16:30:00,2472,05/07/2024 16:00:00,2.99
,08/07/2024 16:00:00,77.13,11/09/2024 16:30:00,39,08/07/2024 16:30:00,541,08/07/2024 16:00:00,75.18,08/07/2024 16:30:00,1323,08/07/2024 16:30:00,2504,08/07/2024 16:00:00,3.01
,09/07/2024 16:00:00,76.67,12/09/2024 16:30:00,39,09/07/2024 16:30:00,535,09/07/2024 16:00:00,75.58,09/07/2024 16:30:00,1273,09/07/2024 16:30:00,2437,09/07/2024 16:00:00,2.99
,10/07/2024 16:00:00,77.75,16/09/2024 16:30:00,39,10/07/2024 16:30:00,542.5,10/07/2024 16:00:00,76.1,10/07/2024 16:30:00,1286,10/07/2024 16:30:00,2453,10/07/2024 16:00:00,3.03
,11/07/2024 16:00:00,77.94,18/09/2024 16:30:00,39,11/07/2024 16:30:00,546,11/07/2024 16:00:00,77.03,11/07/2024 16:30:00,1350,11/07/2024 16:30:00,2466,11/07/2024 16:00:00,3.14
,12/07/2024 16:00:00,79.24,25/09/2024 16:30:00,39,12/07/2024 16:30:00,541.5,12/07/2024 16:00:00,77.05,12/07/2024 16:30:00,1422,12/07/2024 16:30:00,2504,12/07/2024 16:00:00,3.15
,15/07/2024 16:00:00,78.12,26/09/2024 16:30:00,38.8,15/07/2024 16:30:00,536,15/07/2024 16:00:00,76.02,15/07/2024 16:30:00,1430,15/07/2024 16:30:00,2471,15/07/2024 16:00:00,3.29
,16/07/2024 16:00:00,78.59,30/09/2024 16:30:00,39,16/07/2024 16:30:00,536,16/07/2024 16:00:00,76.37,16/07/2024 16:30:00,1445,16/07/2024 16:30:00,2464,16/07/2024 16:00:00,3.51
,17/07/2024 16:00:00,79.76,02/10/2024 16:30:00,38.6,17/07/2024 16:30:00,536.5,17/07/2024 16:00:00,77.72,17/07/2024 16:30:00,1460,17/07/2024 16:30:00,2485,17/07/2024 16:00:00,3.49
,18/07/2024 16:00:00,78.06,07/10/2024 16:30:00,37.8,18/07/2024 16:30:00,541.5,18/07/2024 16:00:00,77.77,18/07/2024 16:30:00,1455,18/07/2024 16:30:00,2513,18/07/2024 16:00:00,3.36
,19/07/2024 16:00:00,78.71,08/10/2024 16:30:00,37.8,19/07/2024 16:30:00,534.5,19/07/2024 16:00:00,77.57,19/07/2024 16:30:00,1448,19/07/2024 16:30:00,2506,19/07/2024 16:00:00,3.36
,22/07/2024 16:00:00,79.16,09/10/2024 16:30:00,37.8,22/07/2024 16:30:00,538,22/07/2024 16:00:00,77.99,22/07/2024 16:30:00,1368,22/07/2024 16:30:00,2480,22/07/2024 16:00:00,3.4
,23/07/2024 16:00:00,79.17,11/10/2024 16:30:00,38.6,23/07/2024 16:30:00,532.5,23/07/2024 16:00:00,77.73,23/07/2024 16:30:00,1323,23/07/2024 16:30:00,2464,23/07/2024 16:00:00,3.49
,24/07/2024 16:00:00,79.71,14/10/2024 16:30:00,38.6,24/07/2024 16:30:00,533,24/07/2024 16:00:00,79.12,24/07/2024 16:30:00,1352,24/07/2024 16:30:00,2457,24/07/2024 16:00:00,3.47
,25/07/2024 16:00:00,78.52,15/10/2024 16:30:00,38.6,25/07/2024 16:30:00,534.5,25/07/2024 16:00:00,78.07,25/07/2024 16:30:00,1369,25/07/2024 16:30:00,2484,25/07/2024 16:00:00,3.55
,26/07/2024 16:00:00,78.13,16/10/2024 16:30:00,38,26/07/2024 16:30:00,538,26/07/2024 16:00:00,78.55,26/07/2024 16:30:00,1394,26/07/2024 16:30:00,2513,26/07/2024 16:00:00,3.52
,29/07/2024 16:00:00,78.36,17/10/2024 16:30:00,38,29/07/2024 16:30:00,540,29/07/2024 16:00:00,79.26,29/07/2024 16:30:00,1398,29/07/2024 16:30:00,2480,29/07/2024 16:00:00,3.52
,30/07/2024 16:00:00,77.9,23/10/2024 16:30:00,38,30/07/2024 16:30:00,542,30/07/2024 16:00:00,80.22,30/07/2024 16:30:00,1406,30/07/2024 16:30:00,2481,30/07/2024 16:00:00,3.56
,31/07/2024 16:00:00,79.15,28/10/2024 16:30:00,38,31/07/2024 16:30:00,547,31/07/2024 16:00:00,80.06,31/07/2024 16:30:00,1420,31/07/2024 16:30:00,2482,31/07/2024 16:00:00,3.47
,01/08/2024 16:00:00,81.2,30/10/2024 16:30:00,38,01/08/2024 16:30:00,543,01/08/2024 16:00:00,81.48,01/08/2024 16:30:00,1390,01/08/2024 16:30:00,2487,01/08/2024 16:00:00,3.31
,02/08/2024 16:00:00,81.81,06/11/2024 16:30:00,38,02/08/2024 16:30:00,529,02/08/2024 16:00:00,81.74,02/08/2024 16:30:00,1374,02/08/2024 16:30:00,2464,02/08/2024 16:00:00,3.26
,05/08/2024 16:00:00,79.33,11/11/2024 16:30:00,37.8,05/08/2024 16:30:00,516,05/08/2024 16:00:00,78.7,05/08/2024 16:30:00,1323,05/08/2024 16:30:00,2423,05/08/2024 16:00:00,3.16
,06/08/2024 16:00:00,79.25,12/11/2024 16:30:00,37.8,06/08/2024 16:30:00,519.5,06/08/2024 16:00:00,77.05,06/08/2024 16:30:00,1347,06/08/2024 16:30:00,2427,06/08/2024 16:00:00,3.17
,07/08/2024 16:00:00,80.62,18/11/2024 16:30:00,37.8,07/08/2024 16:30:00,535,07/08/2024 16:00:00,77.26,07/08/2024 16:30:00,1330,07/08/2024 16:30:00,2446,07/08/2024 16:00:00,3.17
,08/08/2024 16:00:00,81.85,20/11/2024 16:30:00,37.8,08/08/2024 16:30:00,532.5,08/08/2024 16:00:00,77.57,08/08/2024 16:30:00,1316,08/08/2024 16:30:00,2434,08/08/2024 16:00:00,3.24
,09/08/2024 16:00:00,81.19,22/11/2024 16:30:00,37.8,09/08/2024 16:30:00,535.5,09/08/2024 16:00:00,78.41,09/08/2024 16:30:00,1339,09/08/2024 16:30:00,2457,09/08/2024 16:00:00,3.2
,12/08/2024 16:00:00,82.52,27/11/2024 16:30:00,37.8,12/08/2024 16:30:00,538,12/08/2024 16:00:00,78.99,12/08/2024 16:30:00,1327,12/08/2024 16:30:00,2435,12/08/2024 16:00:00,3.15
,13/08/2024 16:00:00,83.37,29/11/2024 16:30:00,37.8,13/08/2024 16:30:00,545,13/08/2024 16:00:00,78.51,13/08/2024 16:30:00,1338,13/08/2024 16:30:00,2453,13/08/2024 16:00:00,3.28
,14/08/2024 16:00:00,83.76,02/12/2024 16:30:00,37.8,14/08/2024 16:30:00,555.5,14/08/2024 16:00:00,78.71,14/08/2024 16:30:00,1348,14/08/2024 16:30:00,2474,14/08/2024 16:00:00,3.2
,15/08/2024 16:00:00,84.9,04/12/2024 16:30:00,37.8,15/08/2024 16:30:00,558.5,15/08/2024 16:00:00,79.68,15/08/2024 16:30:00,1353,15/08/2024 16:30:00,2500,15/08/2024 16:00:00,3.29
,16/08/2024 16:00:00,84.41,09/12/2024 16:30:00,37.8,16/08/2024 16:30:00,553.5,16/08/2024 16:00:00,79.99,16/08/2024 16:30:00,1360,16/08/2024 16:30:00,2468,16/08/2024 16:00:00,3.29
,19/08/2024 16:00:00,84.78,11/12/2024 16:30:00,37.8,19/08/2024 16:30:00,556.5,19/08/2024 16:00:00,80.87,19/08/2024 16:30:00,1370,19/08/2024 16:30:00,2476,19/08/2024 16:00:00,3.35
,20/08/2024 16:00:00,85.13,12/12/2024 16:30:00,37.8,20/08/2024 16:30:00,552.5,20/08/2024 16:00:00,80.76,20/08/2024 16:30:00,1380,20/08/2024 16:30:00,2447,20/08/2024 16:00:00,3.26
,21/08/2024 16:00:00,85.56,16/12/2024 16:30:00,38.4,21/08/2024 16:30:00,556,21/08/2024 16:00:00,80.98,21/08/2024 16:30:00,1397,21/08/2024 16:30:00,2443,21/08/2024 16:00:00,3.28
,22/08/2024 16:00:00,85.89,24/12/2024 12:30:00,38.4,22/08/2024 16:30:00,557,22/08/2024 16:00:00,81.31,22/08/2024 16:30:00,1398,22/08/2024 16:30:00,2480,22/08/2024 16:00:00,3.3
,23/08/2024 16:00:00,86.66,27/12/2024 16:30:00,38.4,23/08/2024 16:30:00,565.5,23/08/2024 16:00:00,81.4,23/08/2024 16:30:00,1411,23/08/2024 16:30:00,2514,23/08/2024 16:00:00,3.4
,26/08/2024 16:00:00,86.62,30/12/2024 16:30:00,38.4,27/08/2024 16:30:00,564,26/08/2024 16:00:00,82.1,27/08/2024 16:30:00,1476,27/08/2024 16:30:00,2499,26/08/2024 16:00:00,3.41
,27/08/2024 16:00:00,87.21,31/12/2024 12:30:00,38.4,28/08/2024 16:30:00,566.5,27/08/2024 16:00:00,81.65,28/08/2024 16:30:00,1440,28/08/2024 16:30:00,2504,27/08/2024 16:00:00,3.39
,28/08/2024 16:00:00,87.36,02/01/2025 16:30:00,36.8,29/08/2024 16:30:00,563.5,28/08/2024 16:00:00,81.65,29/08/2024 16:30:00,1458,29/08/2024 16:30:00,2496,28/08/2024 16:00:00,3.41
,29/08/2024 16:00:00,87.3,03/01/2025 16:30:00,36.8,30/08/2024 16:30:00,565.5,29/08/2024 16:00:00,81.62,30/08/2024 16:30:00,1475,30/08/2024 16:30:00,2490,29/08/2024 16:00:00,3.47
,30/08/2024 16:00:00,87.62,06/01/2025 16:30:00,36.8,02/09/2024 16:30:00,568.5,30/08/2024 16:00:00,82.18,02/09/2024 16:30:00,1456,02/09/2024 16:30:00,2483,30/08/2024 16:00:00,3.5
,03/09/2024 16:00:00,85.72,07/01/2025 16:30:00,36.8,03/09/2024 16:30:00,565,03/09/2024 16:00:00,82.63,03/09/2024 16:30:00,1456,03/09/2024 16:30:00,2496,03/09/2024 16:00:00,3.24
,04/09/2024 16:00:00,85.75,08/01/2025 16:30:00,36,04/09/2024 16:30:00,561,04/09/2024 16:00:00,83.4,04/09/2024 16:30:00,1455,04/09/2024 16:30:00,2501,04/09/2024 16:00:00,3.22
,05/09/2024 16:00:00,83,09/01/2025 16:30:00,35.8,05/09/2024 16:30:00,567.5,05/09/2024 16:00:00,83.09,05/09/2024 16:30:00,1470,05/09/2024 16:30:00,2289,05/09/2024 16:00:00,3.22
,06/09/2024 16:00:00,83.05,10/01/2025 16:30:00,35.8,06/09/2024 16:30:00,563,06/09/2024 16:00:00,82.1,06/09/2024 16:30:00,1439,06/09/2024 16:30:00,2204,06/09/2024 16:00:00,3.16
,09/09/2024 16:00:00,80.89,13/01/2025 16:30:00,35.8,09/09/2024 16:30:00,569.5,09/09/2024 16:00:00,82.94,09/09/2024 16:30:00,1452,09/09/2024 16:30:00,2180,09/09/2024 16:00:00,3.26
,10/09/2024 16:00:00,81.16,14/01/2025 16:30:00,35.2,10/09/2024 16:30:00,569.5,10/09/2024 16:00:00,82.08,10/09/2024 16:30:00,1470,10/09/2024 16:30:00,2163,10/09/2024 16:00:00,3.23
,11/09/2024 16:00:00,80.53,15/01/2025 16:30:00,35.8,11/09/2024 16:30:00,572,11/09/2024 16:00:00,81.37,11/09/2024 16:30:00,1398,11/09/2024 16:30:00,2167,11/09/2024 16:00:00,3.2
,12/09/2024 16:00:00,78.96,16/01/2025 16:30:00,35.8,12/09/2024 16:30:00,571,12/09/2024 16:00:00,81.7,12/09/2024 16:30:00,1390,12/09/2024 16:30:00,2168,12/09/2024 16:00:00,3.16
,13/09/2024 16:00:00,78.27,22/01/2025 16:30:00,35.8,13/09/2024 16:30:00,576.5,13/09/2024 16:00:00,82.97,13/09/2024 16:30:00,1418,13/09/2024 16:30:00,2189,13/09/2024 16:00:00,3.19
,16/09/2024 16:00:00,79.04,23/01/2025 16:30:00,35.8,16/09/2024 16:30:00,546,16/09/2024 16:00:00,83.6,16/09/2024 16:30:00,1406,16/09/2024 16:30:00,2232,16/09/2024 16:00:00,3.37
,17/09/2024 16:00:00,78.53,24/01/2025 16:30:00,35.8,17/09/2024 16:30:00,554,17/09/2024 16:00:00,83.95,17/09/2024 16:30:00,1421,17/09/2024 16:30:00,2243,17/09/2024 16:00:00,3.37
,18/09/2024 16:00:00,78.58,28/01/2025 16:30:00,35.8,18/09/2024 16:30:00,541,18/09/2024 16:00:00,82.94,18/09/2024 16:30:00,1409,18/09/2024 16:30:00,2235,18/09/2024 16:00:00,3.3
,19/09/2024 16:00:00,78.9,30/01/2025 16:30:00,35.8,19/09/2024 16:30:00,548,19/09/2024 16:00:00,82.51,19/09/2024 16:30:00,1433,19/09/2024 16:30:00,2256,19/09/2024 16:00:00,3.26
,20/09/2024 16:00:00,78.38,31/01/2025 16:30:00,35.8,20/09/2024 16:30:00,549,20/09/2024 16:00:00,83.18,20/09/2024 16:30:00,1396,20/09/2024 16:30:00,2237,20/09/2024 16:00:00,3.17
,23/09/2024 16:00:00,77.14,05/02/2025 16:30:00,35.5,23/09/2024 16:30:00,553,23/09/2024 16:00:00,84.04,23/09/2024 16:30:00,1408,23/09/2024 16:30:00,2276,23/09/2024 16:00:00,3.19
,24/09/2024 16:00:00,76.87,11/02/2025 16:30:00,35.5,24/09/2024 16:30:00,554.5,24/09/2024 16:00:00,83.02,24/09/2024 16:30:00,1399,24/09/2024 16:30:00,2295,24/09/2024 16:00:00,3.15
,25/09/2024 16:00:00,77.54,12/02/2025 16:30:00,35.5,25/09/2024 16:30:00,555.5,25/09/2024 16:00:00,83,25/09/2024 16:30:00,1417,25/09/2024 16:30:00,2284,25/09/2024 16:00:00,3.15
,26/09/2024 16:00:00,78.18,13/02/2025 16:30:00,35.5,26/09/2024 16:30:00,560,26/09/2024 16:00:00,81.94,26/09/2024 16:30:00,1436,26/09/2024 16:30:00,2296,26/09/2024 16:00:00,3.22
,27/09/2024 16:00:00,77.62,14/02/2025 16:30:00,35.5,27/09/2024 16:30:00,566,27/09/2024 16:00:00,83.25,27/09/2024 16:30:00,1430,27/09/2024 16:30:00,2323,27/09/2024 16:00:00,3.32
,30/09/2024 16:00:00,77.91,17/02/2025 16:30:00,35.5,30/09/2024 16:30:00,559.5,30/09/2024 16:00:00,83.63,30/09/2024 16:30:00,1400,30/09/2024 16:30:00,2333,30/09/2024 16:00:00,3.3
,01/10/2024 16:00:00,78.67,18/02/2025 16:30:00,35.5,01/10/2024 16:30:00,559.5,01/10/2024 16:00:00,83.92,01/10/2024 16:30:00,1361,01/10/2024 16:30:00,2317,01/10/2024 16:00:00,3.27
,02/10/2024 16:00:00,79.58,20/02/2025 16:30:00,35.5,02/10/2024 16:30:00,555.5,02/10/2024 16:00:00,83.38,02/10/2024 16:30:00,1336,02/10/2024 16:30:00,2291,02/10/2024 16:00:00,3.19
,03/10/2024 16:00:00,77.93,25/02/2025 16:30:00,35,03/10/2024 16:30:00,523.5,03/10/2024 16:00:00,82.53,03/10/2024 16:30:00,1370,03/10/2024 16:30:00,2308,03/10/2024 16:00:00,3.24
,04/10/2024 16:00:00,77.47,26/02/2025 16:30:00,35,04/10/2024 16:30:00,516,04/10/2024 16:00:00,82.6,04/10/2024 16:30:00,1421,04/10/2024 16:30:00,2320,04/10/2024 16:00:00,3.25
,07/10/2024 16:00:00,76.87,27/02/2025 16:30:00,35,07/10/2024 16:30:00,520.5,07/10/2024 16:00:00,81.51,07/10/2024 16:30:00,1361,07/10/2024 16:30:00,2312,07/10/2024 16:00:00,3.17
,08/10/2024 16:00:00,76.87,28/02/2025 16:30:00,35,08/10/2024 16:30:00,520.5,08/10/2024 16:00:00,81.61,08/10/2024 16:30:00,1387,08/10/2024 16:30:00,2305,08/10/2024 16:00:00,3.17
,09/10/2024 16:00:00,77.51,03/03/2025 16:30:00,34.6,09/10/2024 16:30:00,523,09/10/2024 16:00:00,81.52,09/10/2024 16:30:00,1403,09/10/2024 16:30:00,2323,09/10/2024 16:00:00,3.16
,10/10/2024 16:00:00,76.87,04/03/2025 16:30:00,34.6,10/10/2024 16:30:00,514.5,10/10/2024 16:00:00,81.33,10/10/2024 16:30:00,1416,10/10/2024 16:30:00,2342,10/10/2024 16:00:00,3.14
,11/10/2024 16:00:00,77.35,05/03/2025 16:30:00,34.6,11/10/2024 16:30:00,514,11/10/2024 16:00:00,82.16,11/10/2024 16:30:00,1422,11/10/2024 16:30:00,2340,11/10/2024 16:00:00,3.17
,14/10/2024 16:00:00,78.1,06/03/2025 16:30:00,34.6,14/10/2024 16:30:00,516,14/10/2024 16:00:00,83.15,14/10/2024 16:30:00,1427,14/10/2024 16:30:00,2326,14/10/2024 16:00:00,3.16
,15/10/2024 16:00:00,77.85,07/03/2025 16:30:00,34.6,15/10/2024 16:30:00,518,15/10/2024 16:00:00,84.03,15/10/2024 16:30:00,1438,15/10/2024 16:30:00,2349,15/10/2024 16:00:00,3.15
,16/10/2024 16:00:00,78.31,10/03/2025 16:30:00,34.6,16/10/2024 16:30:00,526,16/10/2024 16:00:00,85.66,16/10/2024 16:30:00,1460,16/10/2024 16:30:00,2368,16/10/2024 16:00:00,3.22
,17/10/2024 16:00:00,78.02,12/03/2025 16:30:00,34.6,17/10/2024 16:30:00,533.5,17/10/2024 16:00:00,85.49,17/10/2024 16:30:00,1459,17/10/2024 16:30:00,2377,17/10/2024 16:00:00,3.18
,18/10/2024 16:00:00,78.26,13/03/2025 16:30:00,34.6,18/10/2024 16:30:00,532.5,18/10/2024 16:00:00,85.96,18/10/2024 16:30:00,1456,18/10/2024 16:30:00,2348,18/10/2024 16:00:00,3.15
,21/10/2024 16:00:00,77.44,17/03/2025 16:30:00,34.6,21/10/2024 16:30:00,530,21/10/2024 16:00:00,84.93,21/10/2024 16:30:00,1419,21/10/2024 16:30:00,2322,21/10/2024 16:00:00,3.07
,22/10/2024 16:00:00,77.32,19/03/2025 16:30:00,33.8,22/10/2024 16:30:00,522.5,22/10/2024 16:00:00,85.01,22/10/2024 16:30:00,1452,22/10/2024 16:30:00,2324,22/10/2024 16:00:00,3.07
,23/10/2024 16:00:00,76.95,21/03/2025 16:30:00,33.8,23/10/2024 16:30:00,512.5,23/10/2024 16:00:00,85.96,23/10/2024 16:30:00,1432,23/10/2024 16:30:00,2317,23/10/2024 16:00:00,3.07
,24/10/2024 16:00:00,75.9,24/03/2025 16:30:00,33.8,24/10/2024 16:30:00,512.5,24/10/2024 16:00:00,85.77,24/10/2024 16:30:00,1420,24/10/2024 16:30:00,2314,24/10/2024 16:00:00,3.07
,25/10/2024 16:00:00,75.05,25/03/2025 16:30:00,33.8,25/10/2024 16:30:00,506.5,25/10/2024 16:00:00,84.38,25/10/2024 16:30:00,1405,25/10/2024 16:30:00,2310,25/10/2024 16:00:00,3.07
,28/10/2024 16:00:00,76.01,26/03/2025 16:30:00,33.8,28/10/2024 16:30:00,507.5,28/10/2024 16:00:00,85.17,28/10/2024 16:30:00,1437,28/10/2024 16:30:00,2300,28/10/2024 16:00:00,3.16
,29/10/2024 16:00:00,75.22,27/03/2025 16:30:00,33.8,29/10/2024 16:30:00,501,29/10/2024 16:00:00,83.55,29/10/2024 16:30:00,1425,29/10/2024 16:30:00,2289,29/10/2024 16:00:00,3.11
,30/10/2024 16:00:00,72.83,28/03/2025 16:30:00,33.8,30/10/2024 16:30:00,505,30/10/2024 16:00:00,83.55,30/10/2024 16:30:00,1442,30/10/2024 16:30:00,2293,30/10/2024 16:00:00,3.14
,31/10/2024 16:00:00,71.15,,,31/10/2024 16:30:00,491.2,31/10/2024 16:00:00,83.37,31/10/2024 16:30:00,1437,31/10/2024 16:30:00,2221,31/10/2024 16:00:00,3.07
,01/11/2024 16:00:00,71.42,,,01/11/2024 16:30:00,501,01/11/2024 16:00:00,81.65,01/11/2024 16:30:00,1458,01/11/2024 16:30:00,2283,01/11/2024 16:00:00,3.08
,04/11/2024 16:00:00,71.43,,,04/11/2024 16:30:00,500,04/11/2024 16:00:00,80.81,04/11/2024 16:30:00,1452,04/11/2024 16:30:00,2289,04/11/2024 16:00:00,3.09
,05/11/2024 16:00:00,66.27,,,05/11/2024 16:30:00,495.8,05/11/2024 16:00:00,82.25,05/11/2024 16:30:00,1497,05/11/2024 16:30:00,2362,05/11/2024 16:00:00,3.13
,06/11/2024 16:00:00,63.85,,,06/11/2024 16:30:00,488.6,06/11/2024 16:00:00,88.26,06/11/2024 16:30:00,1540,06/11/2024 16:30:00,2319,06/11/2024 16:00:00,3.35
,07/11/2024 16:00:00,64.69,,,07/11/2024 16:30:00,491,07/11/2024 16:00:00,89.76,07/11/2024 16:30:00,1510,07/11/2024 16:30:00,2297,07/11/2024 16:00:00,3.33
,08/11/2024 16:00:00,64.49,,,08/11/2024 16:30:00,490.4,08/11/2024 16:00:00,91.25,08/11/2024 16:30:00,1535,08/11/2024 16:30:00,2264,08/11/2024 16:00:00,3.35
,11/11/2024 16:00:00,64.79,,,11/11/2024 16:30:00,492,11/11/2024 16:00:00,92.12,11/11/2024 16:30:00,1557,11/11/2024 16:30:00,2254,11/11/2024 16:00:00,3.31
,12/11/2024 16:00:00,65.19,,,12/11/2024 16:30:00,487.6,12/11/2024 16:00:00,92.2,12/11/2024 16:30:00,1534,12/11/2024 16:30:00,2213,12/11/2024 16:00:00,3.37
,13/11/2024 16:00:00,65.29,,,13/11/2024 16:30:00,488,13/11/2024 16:00:00,92.19,13/11/2024 16:30:00,1536,13/11/2024 16:30:00,2217,13/11/2024 16:00:00,3.35
,14/11/2024 16:00:00,65.04,,,14/11/2024 16:30:00,494.8,14/11/2024 16:00:00,90.44,14/11/2024 16:30:00,1524,14/11/2024 16:30:00,2243,14/11/2024 16:00:00,3.34
,15/11/2024 16:00:00,63.23,,,15/11/2024 16:30:00,501.5,15/11/2024 16:00:00,92.19,15/11/2024 16:30:00,1536,15/11/2024 16:30:00,2186,15/11/2024 16:00:00,3.35
,18/11/2024 16:00:00,63.39,,,18/11/2024 16:30:00,503.5,18/11/2024 16:00:00,92.92,18/11/2024 16:30:00,1501,18/11/2024 16:30:00,2188,18/11/2024 16:00:00,3.3
,19/11/2024 16:00:00,63.8,,,19/11/2024 16:30:00,504,19/11/2024 16:00:00,93.38,19/11/2024 16:30:00,1448,19/11/2024 16:30:00,2165,19/11/2024 16:00:00,3.26
,20/11/2024 16:00:00,63.2,,,20/11/2024 16:30:00,498.4,20/11/2024 16:00:00,93.12,20/11/2024 16:30:00,1418,20/11/2024 16:30:00,2156,20/11/2024 16:00:00,3.25
,21/11/2024 16:00:00,64.26,,,21/11/2024 16:30:00,505.5,21/11/2024 16:00:00,94.69,21/11/2024 16:30:00,1500,21/11/2024 16:30:00,2171,21/11/2024 16:00:00,3.34
,22/11/2024 16:00:00,65.63,,,22/11/2024 16:30:00,507,22/11/2024 16:00:00,94.27,22/11/2024 16:30:00,1513,22/11/2024 16:30:00,2197,22/11/2024 16:00:00,3.53
,25/11/2024 16:00:00,66.4,,,25/11/2024 16:30:00,513.5,25/11/2024 16:00:00,94.77,25/11/2024 16:30:00,1593,25/11/2024 16:30:00,2209,25/11/2024 16:00:00,3.57
,26/11/2024 16:00:00,66.36,,,26/11/2024 16:30:00,509.5,26/11/2024 16:00:00,93.29,26/11/2024 16:30:00,1607,26/11/2024 16:30:00,2202,26/11/2024 16:00:00,3.6
,27/11/2024 16:00:00,67.2,,,27/11/2024 16:30:00,512.5,27/11/2024 16:00:00,94.28,27/11/2024 16:30:00,1613,27/11/2024 16:30:00,2195,27/11/2024 16:00:00,3.66
,29/11/2024 13:05:00,67.62,,,28/11/2024 16:30:00,516.5,29/11/2024 13:00:00,93.67,28/11/2024 16:30:00,1593,28/11/2024 16:30:00,2190,29/11/2024 13:05:00,3.69
,02/12/2024 16:00:00,67.04,,,29/11/2024 16:30:00,514,02/12/2024 16:00:00,92.1,29/11/2024 16:30:00,1573,29/11/2024 16:30:00,2198,02/12/2024 16:00:00,3.8
,03/12/2024 16:00:00,68.05,,,02/12/2024 16:30:00,515.5,03/12/2024 16:00:00,92.01,02/12/2024 16:30:00,1548,02/12/2024 16:30:00,2238,03/12/2024 16:00:00,3.68
,04/12/2024 16:00:00,66.78,,,03/12/2024 16:30:00,516.5,04/12/2024 16:00:00,91.5,03/12/2024 16:30:00,1595,03/12/2024 16:30:00,2272,04/12/2024 16:00:00,3.69
,05/12/2024 16:00:00,67.53,,,04/12/2024 16:30:00,520.5,05/12/2024 16:00:00,90.94,04/12/2024 16:30:00,1600,04/12/2024 16:30:00,2304,05/12/2024 16:00:00,3.65
,06/12/2024 16:00:00,68.2,,,05/12/2024 16:30:00,526.5,06/12/2024 16:00:00,89.6,05/12/2024 16:30:00,1635,05/12/2024 16:30:00,2261,06/12/2024 16:00:00,3.66
,09/12/2024 16:00:00,68.58,,,06/12/2024 16:30:00,521.5,09/12/2024 16:00:00,88.78,06/12/2024 16:30:00,1624,06/12/2024 16:30:00,2232,09/12/2024 16:00:00,3.68
,10/12/2024 16:00:00,67.18,,,09/12/2024 16:30:00,520,10/12/2024 16:00:00,88.55,09/12/2024 16:30:00,1635,09/12/2024 16:30:00,2216,10/12/2024 16:00:00,3.72
,11/12/2024 16:00:00,67.4,,,10/12/2024 16:30:00,515.5,11/12/2024 16:00:00,87.41,10/12/2024 16:30:00,1651,10/12/2024 16:30:00,2204,11/12/2024 16:00:00,3.77
,12/12/2024 16:00:00,66.94,,,11/12/2024 16:30:00,518.5,12/12/2024 16:00:00,87.93,11/12/2024 16:30:00,1649,11/12/2024 16:30:00,2192,12/12/2024 16:00:00,3.66
,13/12/2024 16:00:00,66.58,,,12/12/2024 16:30:00,518,13/12/2024 16:00:00,89.16,12/12/2024 16:30:00,1637,12/12/2024 16:30:00,2126,13/12/2024 16:00:00,3.63
,16/12/2024 16:00:00,66.23,,,13/12/2024 16:30:00,518,16/12/2024 16:00:00,88.63,13/12/2024 16:30:00,1620,13/12/2024 16:30:00,2141,16/12/2024 16:00:00,3.55
,17/12/2024 16:00:00,67.18,,,16/12/2024 16:30:00,512.5,17/12/2024 16:00:00,86.96,16/12/2024 16:30:00,1614,16/12/2024 16:30:00,2106,17/12/2024 16:00:00,3.51
,18/12/2024 16:00:00,64.64,,,17/12/2024 16:30:00,504,18/12/2024 16:00:00,85.09,17/12/2024 16:30:00,1590,17/12/2024 16:30:00,2072,18/12/2024 16:00:00,3.38
,19/12/2024 16:00:00,64.44,,,18/12/2024 16:30:00,505,19/12/2024 16:00:00,85.9,18/12/2024 16:30:00,1577,18/12/2024 16:30:00,2090,19/12/2024 16:00:00,3.45
,20/12/2024 16:00:00,65.35,,,19/12/2024 16:30:00,501,20/12/2024 16:00:00,86.81,19/12/2024 16:30:00,1574,19/12/2024 16:30:00,2055,20/12/2024 16:00:00,3.35
,23/12/2024 16:00:00,66.63,,,20/12/2024 16:30:00,500.5,23/12/2024 16:00:00,87.04,20/12/2024 16:30:00,1584,20/12/2024 16:30:00,2054,23/12/2024 16:00:00,3.33
,24/12/2024 13:05:00,66.3,,,23/12/2024 16:30:00,501.5,24/12/2024 13:00:00,87.96,23/12/2024 16:30:00,1576,23/12/2024 16:30:00,2048,24/12/2024 13:05:00,3.35
,26/12/2024 16:00:00,66.52,,,24/12/2024 12:30:00,502,26/12/2024 16:00:00,87.61,24/12/2024 12:30:00,1570,24/12/2024 12:30:00,2043,26/12/2024 16:00:00,3.38
,27/12/2024 16:00:00,66.26,,,27/12/2024 16:30:00,503,27/12/2024 16:00:00,87.77,27/12/2024 16:30:00,1566,27/12/2024 16:30:00,2044,27/12/2024 16:00:00,3.34
,30/12/2024 16:00:00,65.57,,,30/12/2024 16:30:00,501,30/12/2024 16:00:00,87.35,30/12/2024 16:30:00,1560,30/12/2024 16:30:00,2036,30/12/2024 16:00:00,3.34
,31/12/2024 16:00:00,65.52,,,31/12/2024 12:30:00,510,31/12/2024 16:00:00,87.72,31/12/2024 12:30:00,1583,31/12/2024 12:30:00,2043,31/12/2024 16:00:00,3.34
,02/01/2025 16:00:00,65.88,,,02/01/2025 16:30:00,511,02/01/2025 16:00:00,87.13,02/01/2025 16:30:00,1549,02/01/2025 16:30:00,2060,02/01/2025 16:00:00,3.25
,03/01/2025 16:00:00,66.25,,,03/01/2025 16:30:00,510.5,03/01/2025 16:00:00,87.67,03/01/2025 16:30:00,1528,03/01/2025 16:30:00,2037,03/01/2025 16:00:00,3.3
,06/01/2025 16:00:00,66.84,,,06/01/2025 16:30:00,517,06/01/2025 16:00:00,84.51,06/01/2025 16:30:00,1528,06/01/2025 16:30:00,2054,06/01/2025 16:00:00,3.24
,07/01/2025 16:00:00,66.64,,,07/01/2025 16:30:00,508.5,07/01/2025 16:00:00,84.23,07/01/2025 16:30:00,1528,07/01/2025 16:30:00,2025,07/01/2025 16:00:00,3.18
,08/01/2025 16:00:00,66.58,,,08/01/2025 16:30:00,491,08/01/2025 16:00:00,82.82,08/01/2025 16:30:00,1484,08/01/2025 16:30:00,2001,08/01/2025 16:00:00,3.13
,10/01/2025 16:00:00,67.01,,,09/01/2025 16:30:00,489.6,10/01/2025 16:00:00,78.73,09/01/2025 16:30:00,1499,09/01/2025 16:30:00,1966.5,10/01/2025 16:00:00,3.03
,13/01/2025 16:00:00,65.73,,,10/01/2025 16:30:00,479.4,13/01/2025 16:00:00,76.94,10/01/2025 16:30:00,1460,10/01/2025 16:30:00,1931.5,13/01/2025 16:00:00,3.1
,14/01/2025 16:00:00,65.37,,,13/01/2025 16:30:00,481,14/01/2025 16:00:00,78.11,13/01/2025 16:30:00,1420,13/01/2025 16:30:00,1963,14/01/2025 16:00:00,3.1
,15/01/2025 16:00:00,65.68,,,14/01/2025 16:30:00,480.6,15/01/2025 16:00:00,82.42,14/01/2025 16:30:00,1408,14/01/2025 16:30:00,1955,15/01/2025 16:00:00,3.24
,16/01/2025 16:00:00,66.91,,,15/01/2025 16:30:00,498.2,16/01/2025 16:00:00,83.99,15/01/2025 16:30:00,1432,15/01/2025 16:30:00,1983.5,16/01/2025 16:00:00,3.25
,17/01/2025 16:00:00,66.6,,,16/01/2025 16:30:00,500,17/01/2025 16:00:00,85.18,16/01/2025 16:30:00,1439,16/01/2025 16:30:00,1968,17/01/2025 16:00:00,3.2
,21/01/2025 16:00:00,67.96,,,17/01/2025 16:30:00,506,21/01/2025 16:00:00,86.51,17/01/2025 16:30:00,1452,17/01/2025 16:30:00,2012,21/01/2025 16:00:00,3.26
,22/01/2025 16:00:00,68.2,,,20/01/2025 16:30:00,502.5,22/01/2025 16:00:00,82.8,20/01/2025 16:30:00,1465,20/01/2025 16:30:00,2002,22/01/2025 16:00:00,3.21
,23/01/2025 16:00:00,68.6,,,21/01/2025 16:30:00,506,23/01/2025 16:00:00,82.81,21/01/2025 16:30:00,1474,21/01/2025 16:30:00,1949,23/01/2025 16:00:00,3.23
,24/01/2025 16:00:00,69.06,,,22/01/2025 16:30:00,506.5,24/01/2025 16:00:00,82.71,22/01/2025 16:30:00,1468,22/01/2025 16:30:00,1937,24/01/2025 16:00:00,3.24
,27/01/2025 16:00:00,70.08,,,23/01/2025 16:30:00,506,27/01/2025 16:00:00,82.15,23/01/2025 16:30:00,1483,23/01/2025 16:30:00,1879.5,27/01/2025 16:00:00,3.26
,28/01/2025 16:00:00,69.59,,,24/01/2025 16:30:00,508,28/01/2025 16:00:00,81.75,24/01/2025 16:30:00,1500,24/01/2025 16:30:00,1884.5,28/01/2025 16:00:00,3.21
,29/01/2025 16:00:00,70.25,,,27/01/2025 16:30:00,512,29/01/2025 16:00:00,81.98,27/01/2025 16:30:00,1506,27/01/2025 16:30:00,1869.5,29/01/2025 16:00:00,3.23
,30/01/2025 16:00:00,71.24,,,28/01/2025 16:30:00,516.5,30/01/2025 16:00:00,83.29,28/01/2025 16:30:00,1506,28/01/2025 16:30:00,1919.5,30/01/2025 16:00:00,3.08
,31/01/2025 16:00:00,70.76,,,29/01/2025 16:30:00,520.5,31/01/2025 16:00:00,82.93,29/01/2025 16:30:00,1491,29/01/2025 16:30:00,1902.5,31/01/2025 16:00:00,3.06
,03/02/2025 16:00:00,69.86,,,30/01/2025 16:30:00,520,03/02/2025 16:00:00,82.59,30/01/2025 16:30:00,1520,30/01/2025 16:30:00,1930,03/02/2025 16:00:00,3.29
,04/02/2025 16:00:00,68.96,,,31/01/2025 16:30:00,522.5,04/02/2025 16:00:00,81.43,31/01/2025 16:30:00,1531,31/01/2025 16:30:00,1902,04/02/2025 16:00:00,3.29
,05/02/2025 16:00:00,70.94,,,03/02/2025 16:30:00,512.5,05/02/2025 16:00:00,82.3,03/02/2025 16:30:00,1507,03/02/2025 16:30:00,1848.5,05/02/2025 16:00:00,3.23
,06/02/2025 16:00:00,72.36,,,04/02/2025 16:30:00,508,06/02/2025 16:00:00,82.08,04/02/2025 16:30:00,1512,04/02/2025 16:30:00,1843,06/02/2025 16:00:00,3.2
,07/02/2025 16:00:00,71.99,,,05/02/2025 16:30:00,518,07/02/2025 16:00:00,81.98,05/02/2025 16:30:00,1522,05/02/2025 16:30:00,1862.5,07/02/2025 16:00:00,3.22
,10/02/2025 16:00:00,72.66,,,06/02/2025 16:30:00,520.5,10/02/2025 16:00:00,82.21,06/02/2025 16:30:00,1548,06/02/2025 16:30:00,1869,10/02/2025 16:00:00,3.28
,11/02/2025 16:00:00,72.73,,,07/02/2025 16:30:00,519,11/02/2025 16:00:00,83.43,07/02/2025 16:30:00,1528,07/02/2025 16:30:00,1860,11/02/2025 16:00:00,3.22
,12/02/2025 16:00:00,74.43,,,10/02/2025 16:30:00,524,12/02/2025 16:00:00,82.93,10/02/2025 16:30:00,1530,10/02/2025 16:30:00,1890.5,12/02/2025 16:00:00,3.15
,13/02/2025 16:00:00,74.45,,,11/02/2025 16:30:00,519,13/02/2025 16:00:00,83.86,11/02/2025 16:30:00,1512,11/02/2025 16:30:00,1908.5,13/02/2025 16:00:00,3.22
,14/02/2025 16:00:00,73.58,,,12/02/2025 16:30:00,516.5,14/02/2025 16:00:00,84.1,12/02/2025 16:30:00,1538,12/02/2025 16:30:00,1899.5,14/02/2025 16:00:00,3.19
,18/02/2025 16:00:00,74.8,,,13/02/2025 16:30:00,515.5,18/02/2025 16:00:00,84.62,13/02/2025 16:30:00,1550,13/02/2025 16:30:00,1913,18/02/2025 16:00:00,3.16
,19/02/2025 16:00:00,73.81,,,14/02/2025 16:30:00,513,19/02/2025 16:00:00,85.34,14/02/2025 16:30:00,1547,14/02/2025 16:30:00,1905.5,19/02/2025 16:00:00,3.16
,20/02/2025 16:00:00,74.56,,,17/02/2025 16:30:00,504.5,20/02/2025 16:00:00,86.01,17/02/2025 16:30:00,1575,17/02/2025 16:30:00,1935,20/02/2025 16:00:00,3.1
,21/02/2025 16:00:00,74.22,,,18/02/2025 16:30:00,508.5,21/02/2025 16:00:00,87.1,18/02/2025 16:30:00,1565,18/02/2025 16:30:00,1922,21/02/2025 16:00:00,3.06
,24/02/2025 16:00:00,74.69,,,19/02/2025 16:30:00,499.2,24/02/2025 16:00:00,87.18,19/02/2025 16:30:00,1398,19/02/2025 16:30:00,1880.5,24/02/2025 16:00:00,3.05
,25/02/2025 16:00:00,75.4,,,20/02/2025 16:30:00,501.5,25/02/2025 16:00:00,70.64,20/02/2025 16:30:00,1342,20/02/2025 16:30:00,1882.5,25/02/2025 16:00:00,3.07
,26/02/2025 16:00:00,75.52,,,21/02/2025 16:30:00,506,26/02/2025 16:00:00,72.85,21/02/2025 16:30:00,1381,21/02/2025 16:30:00,1911,26/02/2025 16:00:00,3.11
,27/02/2025 16:00:00,75.65,,,24/02/2025 16:30:00,506,27/02/2025 16:00:00,71.9,24/02/2025 16:30:00,1354,24/02/2025 16:30:00,1908.5,27/02/2025 16:00:00,3.07
,28/02/2025 16:00:00,76.21,,,25/02/2025 16:30:00,507.5,28/02/2025 16:00:00,71.57,25/02/2025 16:30:00,1379,25/02/2025 16:30:00,1852,28/02/2025 16:00:00,3.13
,03/03/2025 16:00:00,76.1,,,26/02/2025 16:30:00,518,03/03/2025 16:00:00,71.44,26/02/2025 16:30:00,1383,26/02/2025 16:30:00,1897.5,03/03/2025 16:00:00,3.01
,04/03/2025 16:00:00,77.25,,,27/02/2025 16:30:00,519.5,04/03/2025 16:00:00,70.63,27/02/2025 16:30:00,1390,27/02/2025 16:30:00,1879,04/03/2025 16:00:00,2.99
,05/03/2025 16:00:00,77.96,,,28/02/2025 16:30:00,518,05/03/2025 16:00:00,71.9,28/02/2025 16:30:00,1405,28/02/2025 16:30:00,1895,05/03/2025 16:00:00,2.98
,06/03/2025 16:00:00,77.47,,,03/03/2025 16:30:00,521.5,06/03/2025 16:00:00,69.62,03/03/2025 16:30:00,1404,03/03/2025 16:30:00,1895.5,06/03/2025 16:00:00,3.1
,07/03/2025 16:00:00,77.5,,,04/03/2025 16:30:00,517,07/03/2025 16:00:00,69.3,04/03/2025 16:30:00,1331,04/03/2025 16:30:00,1851,07/03/2025 16:00:00,3.3
,10/03/2025 16:00:00,75.99,,,05/03/2025 16:30:00,516.5,10/03/2025 16:00:00,69.47,05/03/2025 16:30:00,1358,05/03/2025 16:30:00,1853.5,10/03/2025 16:00:00,3.24
,11/03/2025 16:00:00,74.24,,,06/03/2025 16:30:00,509.5,11/03/2025 16:00:00,68.79,06/03/2025 16:30:00,1379,06/03/2025 16:30:00,1897,11/03/2025 16:00:00,3.36
,12/03/2025 16:00:00,75.57,,,07/03/2025 16:30:00,515,12/03/2025 16:00:00,68.95,07/03/2025 16:30:00,1354,07/03/2025 16:30:00,1916.5,12/03/2025 16:00:00,3.29
,13/03/2025 16:00:00,76.51,,,10/03/2025 16:30:00,514.5,13/03/2025 16:00:00,67.85,10/03/2025 16:30:00,1316,10/03/2025 16:30:00,1930.5,13/03/2025 16:00:00,3.27
,14/03/2025 16:00:00,77.6,,,11/03/2025 16:30:00,510,14/03/2025 16:00:00,70.21,11/03/2025 16:30:00,1393,11/03/2025 16:30:00,1931,14/03/2025 16:00:00,3.36
,17/03/2025 16:00:00,77.37,,,12/03/2025 16:30:00,515,17/03/2025 16:00:00,71.06,12/03/2025 16:30:00,1386,12/03/2025 16:30:00,1847,17/03/2025 16:00:00,3.5
,18/03/2025 16:00:00,77.07,,,13/03/2025 16:30:00,516,18/03/2025 16:00:00,70.75,13/03/2025 16:30:00,1329,13/03/2025 16:30:00,1841.5,18/03/2025 16:00:00,3.66
,19/03/2025 16:00:00,76.32,,,14/03/2025 16:30:00,524,19/03/2025 16:00:00,71.09,14/03/2025 16:30:00,1355,14/03/2025 16:30:00,1853,19/03/2025 16:00:00,3.71
,20/03/2025 16:00:00,76.52,,,17/03/2025 16:30:00,580,20/03/2025 16:00:00,70,17/03/2025 16:30:00,1376,17/03/2025 16:30:00,1882,20/03/2025 16:00:00,3.72
,21/03/2025 16:00:00,74.93,,,18/03/2025 16:30:00,587,21/03/2025 16:00:00,69.54,18/03/2025 16:30:00,1385,18/03/2025 16:30:00,1903.5,21/03/2025 16:00:00,3.73
,24/03/2025 16:00:00,74.09,,,19/03/2025 16:30:00,582,24/03/2025 16:00:00,70.26,19/03/2025 16:30:00,1389,19/03/2025 16:30:00,1905.5,24/03/2025 16:00:00,3.71
,25/03/2025 16:00:00,73.05,,,20/03/2025 16:30:00,577.5,25/03/2025 16:00:00,69.11,20/03/2025 16:30:00,1370,20/03/2025 16:30:00,1925,25/03/2025 16:00:00,3.66
,26/03/2025 16:00:00,72.72,,,21/03/2025 16:30:00,576.5,26/03/2025 16:00:00,70.77,21/03/2025 16:30:00,1358,21/03/2025 16:30:00,1920.5,26/03/2025 16:00:00,3.7
,27/03/2025 16:00:00,72.84,,,24/03/2025 16:30:00,575.5,27/03/2025 16:00:00,70.06,24/03/2025 16:30:00,1352,24/03/2025 16:30:00,1920.5,27/03/2025 16:00:00,3.77
,28/03/2025 16:00:00,73.79,,,25/03/2025 16:30:00,574,28/03/2025 16:00:00,69.73,25/03/2025 16:30:00,1364,25/03/2025 16:30:00,1901.5,28/03/2025 16:00:00,4
,31/03/2025 16:00:00,73.5,,,26/03/2025 16:30:00,576,31/03/2025 16:00:00,71.36,26/03/2025 16:30:00,1340,26/03/2025 16:30:00,1908,31/03/2025 16:00:00,3.91
,,,,,27/03/2025 16:30:00,574.5,,,27/03/2025 16:30:00,1336,27/03/2025 16:30:00,1945,,
,,,,,28/03/2025 16:30:00,571,,,28/03/2025 16:30:00,1278,28/03/2025 16:30:00,1940.5,,
,,,,,31/03/2025 16:30:00,571.5,,,31/03/2025 16:30:00,1239,31/03/2025 16:30:00,1910,,